{"train_loss": 0.16673913598060608, "epoch": 4, "trainer/global_step": 349, "_timestamp": 1673262904.7728744, "_runtime": 3.305854320526123, "_step": 6, "_wandb": {"runtime": 2}}