{"train_loss": 0.3222930133342743, "epoch": 4, "trainer/global_step": 349, "_timestamp": 1673258458.5400991, "_runtime": 3.593475103378296, "_step": 6, "_wandb": {"runtime": 2}}