{"train_loss": 0.18990175426006317, "epoch": 4, "trainer/global_step": 349, "_timestamp": 1673262504.2263992, "_runtime": 4.4329822063446045, "_step": 6, "_wandb": {"runtime": 2}}