{"train_loss": 0.24462173879146576, "epoch": 4, "trainer/global_step": 349, "_timestamp": 1673258401.0574582, "_runtime": 3.190354108810425, "_step": 6, "_wandb": {"runtime": 2}}