{"train_loss": 0.3481822907924652, "epoch": 4, "trainer/global_step": 349, "_timestamp": 1673257846.1367943, "_runtime": 3.5673043727874756, "_step": 6, "_wandb": {"runtime": 2}}