{"train_loss": 0.2855430245399475, "epoch": 4, "trainer/global_step": 349, "_timestamp": 1673263253.9217517, "_runtime": 3.347447633743286, "_step": 6, "_wandb": {"runtime": 2}}