{"train_loss": 0.2180374562740326, "epoch": 4, "trainer/global_step": 349, "_timestamp": 1673262772.1793342, "_runtime": 3.939061164855957, "_step": 6, "_wandb": {"runtime": 3}}