{"train_loss": 0.2432316094636917, "epoch": 4, "trainer/global_step": 349, "_timestamp": 1673259266.6671636, "_runtime": 2.889890670776367, "_step": 6, "_wandb": {"runtime": 2}}