{"train_loss": 0.07047495990991592, "epoch": 4, "trainer/global_step": 349, "_timestamp": 1673263035.4857445, "_runtime": 3.250713586807251, "_step": 6, "_wandb": {"runtime": 2}}