{"train_loss": 0.029653217643499374, "epoch": 29, "trainer/global_step": 2299, "_timestamp": 1673026126.1469378, "_runtime": 18.451950788497925, "_step": 45, "_wandb": {"runtime": 15}}