{"train_loss": 0.5256372690200806, "epoch": 4, "trainer/global_step": 349, "_timestamp": 1673258602.862311, "_runtime": 2.819955825805664, "_step": 6, "_wandb": {"runtime": 1}}