{"train_loss": 0.09009627997875214, "epoch": 29, "trainer/global_step": 2299, "_timestamp": 1673027319.1021976, "_runtime": 17.328375577926636, "_step": 45, "_wandb": {"runtime": 16}}