{"train_loss": 0.2093031108379364, "epoch": 4, "trainer/global_step": 349, "_timestamp": 1673258234.174349, "_runtime": 2.8819401264190674, "_step": 6, "_wandb": {"runtime": 2}}