{"train_loss": 0.1309530884027481, "epoch": 4, "trainer/global_step": 349, "_timestamp": 1673263342.3022485, "_runtime": 3.2606375217437744, "_step": 6, "_wandb": {"runtime": 2}}