{"train_loss": 0.2525663673877716, "epoch": 4, "trainer/global_step": 349, "_timestamp": 1673259286.0833142, "_runtime": 2.740288257598877, "_step": 6, "_wandb": {"runtime": 2}}