{"train_loss": 0.16994188725948334, "epoch": 4, "trainer/global_step": 349, "_timestamp": 1673259582.8692017, "_runtime": 3.3223397731781006, "_step": 6, "_wandb": {"runtime": 2}}