{"train_loss": 0.1428857147693634, "epoch": 4, "trainer/global_step": 349, "_timestamp": 1673258508.276672, "_runtime": 3.155167818069458, "_step": 6, "_wandb": {"runtime": 2}}