{"train_loss": 0.18691885471343994, "epoch": 4, "trainer/global_step": 349, "_timestamp": 1673258284.8448164, "_runtime": 3.2708094120025635, "_step": 6, "_wandb": {"runtime": 2}}