{"train_loss": 0.09244025498628616, "epoch": 4, "trainer/global_step": 349, "_timestamp": 1673258482.412224, "_runtime": 2.8999431133270264, "_step": 6, "_wandb": {"runtime": 2}}