{"train_loss": 0.17129270732402802, "epoch": 4, "trainer/global_step": 349, "_timestamp": 1673259551.794999, "_runtime": 2.890840768814087, "_step": 6, "_wandb": {"runtime": 2}}