{"train_loss": 0.3115430474281311, "epoch": 4, "trainer/global_step": 349, "_timestamp": 1673259537.0026999, "_runtime": 3.0423059463500977, "_step": 6, "_wandb": {"runtime": 2}}