{"train_loss": 0.2635449767112732, "epoch": 4, "trainer/global_step": 349, "_timestamp": 1673262639.8007212, "_runtime": 3.281994104385376, "_step": 6, "_wandb": {"runtime": 2}}